scenario,damping_D_pu,mechanical_power_pu,electrical_power_pu,power_imbalance_pu,has_finite_equilibrium,final_omega_pu,final_frequency_hz,time_constant_s,settling_tolerance_hz,settling_time_after_step_s,settling_time_s,two_percent_settling_time_s
selected_case,0.0,0.5000000000000001,0.5000000000000001,0.0,True,0.9715743762250327,58.29446257350197,5.829446257350194,0.5,5.154204544529618,75.15420454452962,93.31778502940078
damped_comparison,2.0,0.5000000000000001,0.5194388432683887,-0.019438843268388628,True,0.9902805783658056,59.41683470194834,1.9678105034123705,0.5,0.0,70.0,77.87124201364948
