scenario,damping_D_pu,mechanical_power_pu,electrical_power_pu,power_imbalance_pu,has_finite_equilibrium,final_omega_pu,final_frequency_hz,time_constant_s,settling_tolerance_hz,settling_time_after_step_s,settling_time_s,two_percent_settling_time_s
selected_case,0.0,1.4142135623730947,1.4142135623730947,0.0,True,1.0,60.0,2.1213203435596433,0.5,9.18053228940651,79.18053228940651,78.48528137423857
damped_comparison,2.0,1.4142135623730947,1.4142135623730954,-6.661338147750939e-16,True,1.0000000000000002,60.000000000000014,1.2426406871192852,0.5,4.345517647491736,74.34551764749173,74.97056274847714
