scenario,damping_D_pu,mechanical_power_pu,electrical_power_pu,power_imbalance_pu,has_finite_equilibrium,final_omega_pu,final_frequency_hz,time_constant_s,settling_tolerance_hz,settling_time_after_step_s,settling_time_s,two_percent_settling_time_s
selected_case,0.0,1.4142135623730947,1.4142135623730947,0.0,True,2.8913793076655834,173.482758459935,6.133541746298398,0.5,33.688744218990166,103.68874421899017,94.5341669851936
damped_comparison,2.0,1.4142135623730947,0.3874401967747923,1.0267733655983025,True,1.5133866827991516,90.8032009679491,2.388518437520779,0.5,10.200658036841926,80.20065803684193,79.55407375008312
