scenario,damping_D_pu,mechanical_power_pu,electrical_power_pu,power_imbalance_pu,has_finite_equilibrium,final_omega_pu,final_frequency_hz,time_constant_s,settling_tolerance_hz,settling_time_after_step_s,settling_time_s,two_percent_settling_time_s
selected_case,0.0,0.49999999999999994,0.49999999999999994,0.0,True,1.7213086886580742,103.27852131948445,10.327852131948447,0.5,51.273009899822945,121.27300989982294,111.31140852779379
damped_comparison,2.0,0.49999999999999994,0.2194229248895897,0.28057707511041025,True,1.1402885375552052,68.41731225331232,2.5158761304510993,0.5,9.691726948145188,79.69172694814519,80.06350452180439
