scenario,damping_D_pu,mechanical_power_pu,electrical_power_pu,power_imbalance_pu,has_finite_equilibrium,final_omega_pu,final_frequency_hz,time_constant_s,settling_tolerance_hz,settling_time_after_step_s,settling_time_s,two_percent_settling_time_s
selected_case,0.0,0.49999999999999994,0.49999999999999994,0.0,True,1.0,60.0,6.000000000000001,0.5,17.97439364132394,87.97439364132394,94.0
damped_comparison,2.0,0.49999999999999994,0.5000000000000001,-1.6653345369377348e-16,True,1.0000000000000002,60.000000000000014,2.0,0.5,3.510001942404627,73.51000194240463,78.0
