scenario,damping_D_pu,mechanical_power_pu,electrical_power_pu,power_imbalance_pu,has_finite_equilibrium,final_omega_pu,final_frequency_hz,time_constant_s,settling_tolerance_hz,settling_time_after_step_s,settling_time_s,two_percent_settling_time_s
selected_case,0.0,0.5,0.5,0.0,True,1.2566946547479219,75.40167928487531,7.540167928487531,0.5,19.717640966007767,89.71764096600776,100.16067171395012
damped_comparison,2.0,0.5,0.3618489039848864,0.1381510960151136,True,1.0690755480075569,64.14453288045341,2.2413668587163174,0.5,2.6318399039417506,72.63183990394175,78.96546743486527
